total_voxels,infected_voxels,infection_percentage,Subject ID,Series Description,Series UID,curation_flag
6627697,975156,14.713346129130525,MIDRC-RICORD-1A-419639-000082,ROUTINE CHEST NON-CON,1.2.826.0.1.3680043.10.474.419639.403650391453800318566197197100,
15020182,1557816,10.371485511959841,MIDRC-RICORD-1A-419639-000082,0.625mm bone alg,1.2.826.0.1.3680043.10.474.419639.723476004025624152147595326970,
3445776,1347179,39.09653442359573,MIDRC-RICORD-1A-419639-000361,ROUTINE CHEST NON-CON,1.2.826.0.1.3680043.10.474.419639.442609346955349458537812350599,
15567196,2311463,14.848293809623774,MIDRC-RICORD-1A-419639-000361,0.625mm bone alg,1.2.826.0.1.3680043.10.474.419639.111208789586420634716168230767,
3116019,491275,15.766110540404279,MIDRC-RICORD-1A-419639-000421,CHEST WITHOUT CONTRAST,1.2.826.0.1.3680043.10.474.419639.871239758942100959793886583326,
1745521,471014,26.9841497180498,MIDRC-RICORD-1A-419639-000421,CHEST .625 BONE ALGORITH,1.2.826.0.1.3680043.10.474.419639.281544670255145683323051531104,
7638153,379288,4.965703096023344,MIDRC-RICORD-1A-419639-000582,ROUTINE CHEST WITH CONTRAST,1.2.826.0.1.3680043.10.474.419639.544820382826068399575239149240,
17454671,397731,2.2786507978294175,MIDRC-RICORD-1A-419639-000582,0.625mm bone alg,1.2.826.0.1.3680043.10.474.419639.480668762267588577688046455728,
5762955,2573763,44.66047366325088,MIDRC-RICORD-1A-419639-000800,ROUTINE CHEST NON-CON,1.2.826.0.1.3680043.10.474.419639.689197686214923485781691870218,
15768982,4434994,28.12479588092624,MIDRC-RICORD-1A-419639-000800,0.625mm bone alg,1.2.826.0.1.3680043.10.474.419639.296327487023742845836495310315,
4573007,5173405,113.1291729927376,MIDRC-RICORD-1A-419639-000831,0.625mm bone alg,1.2.826.0.1.3680043.10.474.419639.327624607022137433913728185280,"pre-consolidation numerator; kept as-is, recompute on refresh with the intersection formula"
4910031,3194734,65.0654547802244,MIDRC-RICORD-1A-419639-000906,ROUTINE CHEST NON-CON,1.2.826.0.1.3680043.10.474.419639.798362901156377869907504146543,
14509503,5741793,39.57263732603384,MIDRC-RICORD-1A-419639-000906,0.625mm bone alg,1.2.826.0.1.3680043.10.474.419639.185918012209828514411280594216,
6850808,1719787,25.10341845808553,MIDRC-RICORD-1A-419639-001012,ROUTINE CHEST NON-CON,1.2.826.0.1.3680043.10.474.419639.300423266679936330916265249312,
17933198,2910306,16.228594587535365,MIDRC-RICORD-1A-419639-001012,0.625mm bone alg,1.2.826.0.1.3680043.10.474.419639.332678959943310777877712769599,
3217065,373645,11.61446846737632,MIDRC-RICORD-1A-419639-001085,ROUTINE CHEST NON-CON,1.2.826.0.1.3680043.10.474.419639.747705444791611938568285643277,
3245809,381933,11.766958561024387,MIDRC-RICORD-1A-419639-001085,0.625mm bone alg,1.2.826.0.1.3680043.10.474.419639.884955655777099189730483067629,
8651062,4951355,57.23407137759503,MIDRC-RICORD-1A-419639-001155,0.625mm bone alg,1.2.826.0.1.3680043.10.474.419639.187118388226225285464559868333,
8190104,132,0.0016117011456753174,MIDRC-RICORD-1A-419639-001336,2.5mm IODINEWATER,1.2.826.0.1.3680043.10.474.419639.819438105095473069247380380926,
2664111,2192963,82.31500113921679,MIDRC-RICORD-1A-419639-001336,1.25 60 KEV,1.2.826.0.1.3680043.10.474.419639.206750401631356782011133306399,
6511625,4690136,72.02712072639318,MIDRC-RICORD-1A-419639-001336,0.625mm Detail alg,1.2.826.0.1.3680043.10.474.419639.231208818331015352504334473537,
6111491,553852,9.062469371222177,MIDRC-RICORD-1A-419639-001446,ROUTINE CHEST NON-CON,1.2.826.0.1.3680043.10.474.419639.123163790383711407713335797464,
27360966,815311,2.9798326564931954,MIDRC-RICORD-1A-419639-001446,0.625mm bone alg,1.2.826.0.1.3680043.10.474.419639.627246976270051219659267820968,
618250,536780,86.82248281439547,MIDRC-RICORD-1A-419639-001476,NON CON CHEST,1.2.826.0.1.3680043.10.474.419639.108403473204563860601118395369,
1728586,2387752,138.13324879410106,MIDRC-RICORD-1A-419639-001476,CTA  SP ON ASCENDING AORTA,1.2.826.0.1.3680043.10.474.419639.227193511798500971186216994442,"pre-consolidation numerator; kept as-is, recompute on refresh with the intersection formula"
6734107,1859489,27.613000506228964,MIDRC-RICORD-1A-419639-001533,1.25 60 KEV,1.2.826.0.1.3680043.10.474.419639.113869758149514128057672769058,
5268508,290,0.0055044046625724015,MIDRC-RICORD-1A-419639-001533,2.5mm IODINEWATER,1.2.826.0.1.3680043.10.474.419639.455408098998889976505939918451,
16006070,3946608,24.656945771198053,MIDRC-RICORD-1A-419639-001533,0.625mm Detail alg,1.2.826.0.1.3680043.10.474.419639.195631182822445808945792598003,
3767335,1501990,39.86876664804166,MIDRC-RICORD-1A-419639-001596,chest,1.2.826.0.1.3680043.10.474.419639.248789328460452579567145413428,
11662897,2442421,20.94180373881378,MIDRC-RICORD-1A-419639-001596,0.625mm bone alg chest,1.2.826.0.1.3680043.10.474.419639.433800011920523157764565727810,
2214245,587593,26.536946001910355,MIDRC-RICORD-1A-440808-000001,ARTERIALVENOUS AXIAL THIN,1.2.826.0.1.3680043.10.474.440808.3255,
3089454,645972,20.908937307368873,MIDRC-RICORD-1A-440808-000002,VENOUS AXIAL THICK,1.2.826.0.1.3680043.10.474.440808.3515,
1823012,417047,22.87681046531784,MIDRC-RICORD-1A-440808-000003,ARTERIAL AXIAL THIN,1.2.826.0.1.3680043.10.474.440808.3385,
1526157,903261,59.185326280323714,MIDRC-RICORD-1A-440808-000004,ARTERIAL AXIAL THIN,1.2.826.0.1.3680043.10.474.440808.2231,
1277316,1251350,97.96714360424515,MIDRC-RICORD-1A-440808-000005,ARTERIAL AXIAL THIN,1.2.826.0.1.3680043.10.474.440808.3023,
2031741,829237,40.814109672443486,MIDRC-RICORD-1A-440808-000005,VENOUS AXIAL THICK,1.2.826.0.1.3680043.10.474.440808.2559,
1561455,1280810,82.02669945659657,MIDRC-RICORD-1A-440808-000006,THORAX PE ART AXIAL 3X3,1.2.826.0.1.3680043.10.474.440808.570,
1142920,207048,18.115703636300005,MIDRC-RICORD-1A-440808-000007,VENOUS AXIAL THICK,1.2.826.0.1.3680043.10.474.440808.2452,
2588623,142075,5.4884392203886,MIDRC-RICORD-1A-440808-000007,THORAX ARTERIAL AXIAL 3X3,1.2.826.0.1.3680043.10.474.440808.653,
1495634,559114,37.38307634086949,MIDRC-RICORD-1A-440808-000008,THORAX PE ART AXIAL 3X3,1.2.826.0.1.3680043.10.474.440808.1353,
941695,583014,61.911128337731434,MIDRC-RICORD-1A-440808-000008,ARTERIAL AXIAL THICK,1.2.826.0.1.3680043.10.474.440808.2747,
1054840,695636,65.94706306169657,MIDRC-RICORD-1A-440808-000008,ARTERIAL AXIAL THICK,1.2.826.0.1.3680043.10.474.440808.2924,
2759161,602193,21.825221507552477,MIDRC-RICORD-1A-440808-000009,THORAX PE ART AXIAL 3X3,1.2.826.0.1.3680043.10.474.440808.1557,
1488331,967055,64.97580175377654,MIDRC-RICORD-1A-440808-000010,ARTERIAL AXIAL THIN,1.2.826.0.1.3680043.10.474.440808.2646,
1061162,843362,79.47532987423222,MIDRC-RICORD-1A-440808-000010,ARTERIAL AXIAL THIN,1.2.826.0.1.3680043.10.474.440808.2340,
707352,1008296,142.54515432203485,MIDRC-RICORD-1A-440808-000011,THORAX LD STD AXIAL 3X3,1.2.826.0.1.3680043.10.474.440808.1896,"pre-consolidation numerator; kept as-is, recompute on refresh with the intersection formula"
1636428,776201,47.4326398717206,MIDRC-RICORD-1A-440808-000011,THORAX PE ART AXIAL 3X3,1.2.826.0.1.3680043.10.474.440808.930,
3487605,543633,15.587573707458269,MIDRC-RICORD-1A-440808-000012,TAP STD AXIAL 3X3,1.2.826.0.1.3680043.10.474.440808.1450,
2242849,1026232,45.755732998521076,MIDRC-RICORD-1A-440808-000012,THORAX PE ART AXIAL 3X3,1.2.826.0.1.3680043.10.474.440808.1139,
2341839,1168296,49.88797265738592,MIDRC-RICORD-1A-440808-000012,THORAX PE ART AXIAL 3X3,1.2.826.0.1.3680043.10.474.440808.1783,
2270794,1092802,48.12422439023531,MIDRC-RICORD-1A-440808-000013,THORAX PE ART AXIAL 3X3,1.2.826.0.1.3680043.10.474.440808.476,
798774,1066551,133.5234997633874,MIDRC-RICORD-1A-440808-000015,ARTERIAL AXIAL THIN,1.2.826.0.1.3680043.10.474.440808.2840,"pre-consolidation numerator; kept as-is, recompute on refresh with the intersection formula"
1696333,738928,43.560315103225605,MIDRC-RICORD-1A-440808-000016,THORAX PE ART AXIAL 3X3,1.2.826.0.1.3680043.10.474.440808.812,
2585971,1066522,41.24261254283208,MIDRC-RICORD-1A-440808-000017,ARTERIAL AXIAL THIN,1.2.826.0.1.3680043.10.474.440808.3617,
938502,733584,78.16541680252146,MIDRC-RICORD-1A-440808-000018,ARTERIAL AXIAL THIN,1.2.826.0.1.3680043.10.474.440808.3755,
1520997,425113,27.949627777043613,MIDRC-RICORD-1A-440808-000019,THORAX ARTVEN AXIAL 3X3,1.2.826.0.1.3680043.10.474.440808.1672,
1064683,349862,32.860673082973996,MIDRC-RICORD-1A-440808-000020,ARTERIAL AXIAL THIN,1.2.826.0.1.3680043.10.474.440808.3880,
2029601,207768,10.236888925458748,MIDRC-RICORD-1A-440808-000021,VENOUS AXIAL THICK,1.2.826.0.1.3680043.10.474.440808.1993,
5226694,105604,2.020474127622547,MIDRC-RICORD-1A-660042-000008,NO DETAILS,1.2.826.0.1.3680043.10.474.660042.1826,
6442664,1763162,27.36697117838211,MIDRC-RICORD-1A-660042-000018,NO DETAILS,1.2.826.0.1.3680043.10.474.660042.3924,
7394760,82949,1.121726736229438,MIDRC-RICORD-1A-660042-000020,NO DETAILS,1.2.826.0.1.3680043.10.474.660042.4354,
5518972,53664,0.9723549965464583,MIDRC-RICORD-1A-660042-000036,NO DETAILS,1.2.826.0.1.3680043.10.474.660042.8301,
4396282,260631,5.928441351123517,MIDRC-RICORD-1A-660042-000047,NO DETAILS,1.2.826.0.1.3680043.10.474.660042.10693,
30913,11940,38.62452689806877,MIDRC-RICORD-1A-660042-000049,NO DETAILS,1.2.826.0.1.3680043.10.474.660042.11240,
6804360,402152,5.910210512083429,MIDRC-RICORD-1A-660042-000053,NO DETAILS,1.2.826.0.1.3680043.10.474.660042.12726,
4148724,451313,10.878356815252111,MIDRC-RICORD-1A-660042-000063,NO DETAILS,1.2.826.0.1.3680043.10.474.660042.14885,
6699731,177520,2.649658620622231,MIDRC-RICORD-1A-660042-000073,NO DETAILS,1.2.826.0.1.3680043.10.474.660042.17177,
5343901,143778,2.690506429666268,MIDRC-RICORD-1A-660042-000080,NO DETAILS,1.2.826.0.1.3680043.10.474.660042.19101,
3702811,881756,23.81315168395038,MIDRC-RICORD-1A-660042-000097,NO DETAILS,1.2.826.0.1.3680043.10.474.660042.23297,
5182204,33165,0.6399786654481375,MIDRC-RICORD-1A-660042-000100,NO DETAILS,1.2.826.0.1.3680043.10.474.660042.24178,
6700201,205420,3.065878172908544,MIDRC-RICORD-1A-660042-000107,NO DETAILS,1.2.826.0.1.3680043.10.474.660042.25679,
5088236,2844186,55.89728935528934,MIDRC-RICORD-1A-660042-000124,NO DETAILS,1.2.826.0.1.3680043.10.474.660042.29998,
4804735,1199091,24.9564440078381,MIDRC-RICORD-1A-660042-000127,NO DETAILS,1.2.826.0.1.3680043.10.474.660042.30585,
5849897,2817156,48.15736071934258,MIDRC-RICORD-1A-660042-000149,NO DETAILS,1.2.826.0.1.3680043.10.474.660042.36469,
5674572,118632,2.090589387181976,MIDRC-RICORD-1A-660042-000150,NO DETAILS,1.2.826.0.1.3680043.10.474.660042.36772,
4591427,533331,11.615800490784238,MIDRC-RICORD-1A-660042-000153,NO DETAILS,1.2.826.0.1.3680043.10.474.660042.37452,
4794637,377810,7.879845752660733,MIDRC-RICORD-1A-660042-000163,NO DETAILS,1.2.826.0.1.3680043.10.474.660042.40436,
2178776,451208,20.709242253448725,MIDRC-RICORD-1A-SITE2-000001,NO DETAILS,1.2.826.0.1.3680043.10.474.2473275186493634773351774155462085271,
2199387,688219,31.29140074029718,MIDRC-RICORD-1A-SITE2-000001,NO DETAILS,1.2.826.0.1.3680043.10.474.3116300553210485620889426707485524974,
1563555,767895,49.11211949691568,MIDRC-RICORD-1A-SITE2-000004,NO DETAILS,1.2.826.0.1.3680043.10.474.3191761158175385619222890930533119774,
3356245,760047,22.645754407082915,MIDRC-RICORD-1A-SITE2-000006,NO DETAILS,1.2.826.0.1.3680043.10.474.2750476023994921345387178207075115345,
2219302,623814,28.10856746851037,MIDRC-RICORD-1A-SITE2-000006,NO DETAILS,1.2.826.0.1.3680043.10.474.1795669091050563629246628679457122726,
2617555,1309858,50.04127897981131,MIDRC-RICORD-1A-SITE2-000007,NO DETAILS,1.2.826.0.1.3680043.10.474.1921053288731116577021288235795888325,
2490560,1089193,43.7328552614673,MIDRC-RICORD-1A-SITE2-000007,NO DETAILS,1.2.826.0.1.3680043.10.474.2022202925768380392248694007323207483,
1939677,1510364,77.86677885029312,MIDRC-RICORD-1A-SITE2-000011,NO DETAILS,1.2.826.0.1.3680043.10.474.2348395590741714609833038848295269917,
2059805,1345763,65.33448554596187,MIDRC-RICORD-1A-SITE2-000011,NO DETAILS,1.2.826.0.1.3680043.10.474.2867080280173763167015456300503156032,
1662251,1005388,60.48352505127084,MIDRC-RICORD-1A-SITE2-000016,NO DETAILS,1.2.826.0.1.3680043.10.474.3174891739236035283931676074691473386,
2192985,1265690,57.715397050139416,MIDRC-RICORD-1A-SITE2-000016,NO DETAILS,1.2.826.0.1.3680043.10.474.2426757926891593549818973026728296096,
2280201,407452,17.86912644981736,MIDRC-RICORD-1A-SITE2-000019,NO DETAILS,1.2.826.0.1.3680043.10.474.3748367807088840723258629478539133766,
3565869,609194,17.08402636215744,MIDRC-RICORD-1A-SITE2-000019,NO DETAILS,1.2.826.0.1.3680043.10.474.5743260401877242761099678995400526462,
3426521,850890,24.83247585524793,MIDRC-RICORD-1A-SITE2-000020,NO DETAILS,1.2.826.0.1.3680043.10.474.1977210237938706801360832135016921737,
1822622,990068,54.32108248446469,MIDRC-RICORD-1A-SITE2-000020,NO DETAILS,1.2.826.0.1.3680043.10.474.2590645535137319750932121924162213735,
1440240,1423343,98.82679275676276,MIDRC-RICORD-1A-SITE2-000021,NO DETAILS,1.2.826.0.1.3680043.10.474.5903294508898476316904457188862290995,
2955784,1465441,49.57875812305635,MIDRC-RICORD-1A-SITE2-000022,NO DETAILS,1.2.826.0.1.3680043.10.474.1425930588397544485456726533971798699,
3325239,729311,21.932588905639562,MIDRC-RICORD-1A-SITE2-000023,NO DETAILS,1.2.826.0.1.3680043.10.474.1722437102633165578176196600274339947,
1711689,582075,34.005885414932266,MIDRC-RICORD-1A-SITE2-000024,NO DETAILS,1.2.826.0.1.3680043.10.474.2647395048656581703571598935863438717,
2473436,807166,32.63338934179013,MIDRC-RICORD-1A-SITE2-000024,NO DETAILS,1.2.826.0.1.3680043.10.474.2917265342580264925440869524271570076,
3726346,950165,25.498571522880592,MIDRC-RICORD-1A-SITE2-000028,NO DETAILS,1.2.826.0.1.3680043.10.474.1679739784412749402441576112739989760,
2514284,638920,25.411608235187433,MIDRC-RICORD-1A-SITE2-000028,NO DETAILS,1.2.826.0.1.3680043.10.474.1361242017889227062746716596848399994,
1869361,716773,38.34320925706699,MIDRC-RICORD-1A-SITE2-000037,NO DETAILS,1.2.826.0.1.3680043.10.474.2834278697475532703841181987285610675,
1797547,615742,34.254570256021125,MIDRC-RICORD-1A-SITE2-000037,NO DETAILS,1.2.826.0.1.3680043.10.474.6258229043225050870541683779426796429,
3463659,702319,20.276793991556328,MIDRC-RICORD-1A-SITE2-000038,NO DETAILS,1.2.826.0.1.3680043.10.474.1429036717596411255894210241589356081,
4000375,874017,21.848376714683,MIDRC-RICORD-1A-SITE2-000038,NO DETAILS,1.2.826.0.1.3680043.10.474.8601468208500519203101100296010003339,
3988510,721132,18.080235476405974,MIDRC-RICORD-1A-SITE2-000039,NO DETAILS,1.2.826.0.1.3680043.10.474.2235480347607702379351277767790724341,
4051281,559481,13.809977634234702,MIDRC-RICORD-1A-SITE2-000039,NO DETAILS,1.2.826.0.1.3680043.10.474.2411669785002957468033206142978251094,
2738133,205859,7.518225009522912,MIDRC-RICORD-1A-SITE2-000046,NO DETAILS,1.2.826.0.1.3680043.10.474.5893582042170571974511153242620182731,
2945076,302812,10.281975745277881,MIDRC-RICORD-1A-SITE2-000046,NO DETAILS,1.2.826.0.1.3680043.10.474.4377416751236181719833515383014544684,
2791921,771594,27.636670235296773,MIDRC-RICORD-1A-SITE2-000048,NO DETAILS,1.2.826.0.1.3680043.10.474.2251992363251251570040844138307800632,
1889028,533765,28.256066082662617,MIDRC-RICORD-1A-SITE2-000048,NO DETAILS,1.2.826.0.1.3680043.10.474.9809539627970815735242483889098953664,
2396792,405969,16.938015480692524,MIDRC-RICORD-1A-SITE2-000051,NO DETAILS,1.2.826.0.1.3680043.10.474.1844069772921163376570177904092162187,
2429167,674639,27.772442158155453,MIDRC-RICORD-1A-SITE2-000051,NO DETAILS,1.2.826.0.1.3680043.10.474.8946891047727801900286044692529203193,
1909234,1407166,73.7031710099443,MIDRC-RICORD-1A-SITE2-000064,NO DETAILS,1.2.826.0.1.3680043.10.474.1027370140062186337885719830215827624,
2297957,1077126,46.87320084753544,MIDRC-RICORD-1A-SITE2-000064,NO DETAILS,1.2.826.0.1.3680043.10.474.3069737101583149382511655763465179101,
1442535,855685,59.31814479371384,MIDRC-RICORD-1A-SITE2-000065,NO DETAILS,1.2.826.0.1.3680043.10.474.542858211684606264121148077826736307,
2734787,996680,36.44452017652563,MIDRC-RICORD-1A-SITE2-000065,NO DETAILS,1.2.826.0.1.3680043.10.474.2917283153298510591518320952435581325,
1272071,593002,46.617052035617505,MIDRC-RICORD-1A-SITE2-000082,NO DETAILS,1.2.826.0.1.3680043.10.474.2066428707939534185591572905943968297,
2568288,1321826,51.46720305510909,MIDRC-RICORD-1A-SITE2-000096,NO DETAILS,1.2.826.0.1.3680043.10.474.8285847381468318622638786948549307772,
1643324,566451,34.46983066029584,MIDRC-RICORD-1A-SITE2-000099,NO DETAILS,1.2.826.0.1.3680043.10.474.2678405723212183402955168268902025790,
1964159,421494,21.45926068103448,MIDRC-RICORD-1A-SITE2-000105,NO DETAILS,1.2.826.0.1.3680043.10.474.3299642556093577618125296545563527512,
1781247,540863,30.364289736347626,MIDRC-RICORD-1A-SITE2-000110,NO DETAILS,1.2.826.0.1.3680043.10.474.6080916800731283038877650811530676303,
3800113,195030,5.132215805161584,MIDRC-RICORD-1A-SITE2-000114,NO DETAILS,1.2.826.0.1.3680043.10.474.2270632465757924423880041609819541313,
2024310,763995,37.74100804718645,MIDRC-RICORD-1A-SITE2-000115,NO DETAILS,1.2.826.0.1.3680043.10.474.2407960766001898154500825140029273075,
2515683,765086,30.4126553305802,MIDRC-RICORD-1A-SITE2-000119,NO DETAILS,1.2.826.0.1.3680043.10.474.9331758659797359036591176144184201421,
2263751,1049327,46.35346378643234,MIDRC-RICORD-1A-SITE2-000123,NO DETAILS,1.2.826.0.1.3680043.10.474.2799302104449975361980403953249100529,
3692704,913684,24.742952589755365,MIDRC-RICORD-1A-SITE2-000125,NO DETAILS,1.2.826.0.1.3680043.10.474.4414108217972542880287952800084379452,
3683043,1036791,28.150390858863172,MIDRC-RICORD-1A-SITE2-000125,NO DETAILS,1.2.826.0.1.3680043.10.474.1772459417519429985371527660392760938,
2354498,777282,33.0126421852981,MIDRC-RICORD-1A-SITE2-000143,NO DETAILS,1.2.826.0.1.3680043.10.474.3142304396263206860245912707147737133,
1542242,192199,12.462311362289446,MIDRC-RICORD-1A-SITE2-000145,NO DETAILS,1.2.826.0.1.3680043.10.474.1052288493203170484373953656888723428,
2310039,478731,20.723935829654824,MIDRC-RICORD-1A-SITE2-000154,NO DETAILS,1.2.826.0.1.3680043.10.474.2065127790862570251695770818911126189,
2662953,420678,15.797424888835815,MIDRC-RICORD-1A-SITE2-000160,NO DETAILS,1.2.826.0.1.3680043.10.474.4740920685946697885329259598721443074,
3433805,409583,11.927963294362959,MIDRC-RICORD-1A-SITE2-000174,NO DETAILS,1.2.826.0.1.3680043.10.474.1560339135885265353376452780682062572,
1976666,931009,47.09996529509791,MIDRC-RICORD-1A-SITE2-000175,NO DETAILS,1.2.826.0.1.3680043.10.474.2631380695027905255875566789352634250,
2232353,656364,29.402339146183422,MIDRC-RICORD-1A-SITE2-000187,NO DETAILS,1.2.826.0.1.3680043.10.474.1511208260078690435549763845742171873,
3586750,976657,27.22958109709347,MIDRC-RICORD-1A-SITE2-000194,NO DETAILS,1.2.826.0.1.3680043.10.474.2739803504510341589670520865127592552,
2710311,287286,10.599742981524999,MIDRC-RICORD-1A-SITE2-000198,NO DETAILS,1.2.826.0.1.3680043.10.474.2135794103616581946451039285991771853,
2192915,370110,16.877535152981306,MIDRC-RICORD-1A-SITE2-000199,NO DETAILS,1.2.826.0.1.3680043.10.474.5568271561855411891522918297102070766,
2834796,789037,27.833995814866398,MIDRC-RICORD-1A-SITE2-000200,NO DETAILS,1.2.826.0.1.3680043.10.474.1723864789013339527587725125142268016,
2388831,262862,11.003792231430353,MIDRC-RICORD-1A-SITE2-000206,NO DETAILS,1.2.826.0.1.3680043.10.474.1021316324668090701742904548520850014,
2569933,967706,37.654911626100755,MIDRC-RICORD-1A-SITE2-000212,NO DETAILS,1.2.826.0.1.3680043.10.474.3229899002441538057819741608501513206,
2734057,511887,18.722616243918836,MIDRC-RICORD-1A-SITE2-000223,NO DETAILS,1.2.826.0.1.3680043.10.474.2376389481926655086671779119839486129,
2532762,1115664,44.04930269800321,MIDRC-RICORD-1A-SITE2-000235,NO DETAILS,1.2.826.0.1.3680043.10.474.2230442482929737307945569785984687307,
2465109,913065,37.039538616750825,MIDRC-RICORD-1A-SITE2-000235,NO DETAILS,1.2.826.0.1.3680043.10.474.5732737935485029884462661252561538602,
1601894,726317,45.34113992561306,MIDRC-RICORD-1A-SITE2-000236,NO DETAILS,1.2.826.0.1.3680043.10.474.1562310326457562115089878135111629336,
1514215,611028,40.3527900595358,MIDRC-RICORD-1A-SITE2-000236,NO DETAILS,1.2.826.0.1.3680043.10.474.2969551981555819856670502082591727602,
2780521,986919,35.494031514237804,MIDRC-RICORD-1A-SITE2-000239,NO DETAILS,1.2.826.0.1.3680043.10.474.2415116627675626052411242686858006733,
1908644,977541,51.216518114430976,MIDRC-RICORD-1A-SITE2-000244,NO DETAILS,1.2.826.0.1.3680043.10.474.3315191637069927546918849777550838093,
2673587,761377,28.47773421998237,MIDRC-RICORD-1A-SITE2-000245,NO DETAILS,1.2.826.0.1.3680043.10.474.1327296678591867297098577217690671388,
3158360,227471,7.202187211084234,MIDRC-RICORD-1A-SITE2-000245,NO DETAILS,1.2.826.0.1.3680043.10.474.3015364664204407277335886927687958989,
1678773,1019723,60.74216109027248,MIDRC-RICORD-1A-SITE2-000248,NO DETAILS,1.2.826.0.1.3680043.10.474.2284746543076837897690906912301467211,
3485663,796979,22.864488047180696,MIDRC-RICORD-1A-SITE2-000259,NO DETAILS,1.2.826.0.1.3680043.10.474.1990608345352424299470383542240921551,
2413257,695531,28.821256915446636,MIDRC-RICORD-1A-SITE2-000272,NO DETAILS,1.2.826.0.1.3680043.10.474.6085062616627650112559927610586898475,
2703416,956295,35.373579204976224,MIDRC-RICORD-1A-SITE2-000275,NO DETAILS,1.2.826.0.1.3680043.10.474.1219518442436631415928824923898546304,
2143408,1425614,66.51155542948426,MIDRC-RICORD-1A-SITE2-000293,NO DETAILS,1.2.826.0.1.3680043.10.474.1147302139452080037190733417686299226,
1390693,734530,52.81755211250794,MIDRC-RICORD-1A-SITE2-000296,NO DETAILS,1.2.826.0.1.3680043.10.474.1179669081598662164507442883845162435,
