Series UID,Series Description,decision
1.2.826.0.1.3680043.10.474.419639.219217537435007492574794997846,SCOUT CHEST,excluded: matches 'scout'
1.2.826.0.1.3680043.10.474.419639.302995080539539558349272486740,COR 3X3,excluded: matches '\bcor\b|\bcoronal\b'
1.2.826.0.1.3680043.10.474.419639.108518937868403894887894311320,COR 3X3,excluded: matches '\bcor\b|\bcoronal\b'
1.2.826.0.1.3680043.10.474.419639.314225774870643467895194110651,SAG 3X3,excluded: matches '\bsag\b|\bsagittal\b'
1.2.826.0.1.3680043.10.474.419639.336234783057644938368224700291,SAG 3X3,excluded: matches '\bsag\b|\bsagittal\b'
1.2.826.0.1.3680043.10.474.419639.116848946751738456681676984502,SAG 3X3,excluded: matches '\bsag\b|\bsagittal\b'
1.2.826.0.1.3680043.10.474.419639.122469360739163247047613814319,COR 3X3,excluded: matches '\bcor\b|\bcoronal\b'
1.2.826.0.1.3680043.10.474.419639.270280773727473014489405143912,SAG 3X3,excluded: matches '\bsag\b|\bsagittal\b'
1.2.826.0.1.3680043.10.474.419639.309449847293673828142743979979,SCOUT CHEST,excluded: matches 'scout'
1.2.826.0.1.3680043.10.474.419639.322227593426933298064482719359,COR 3X3,excluded: matches '\bcor\b|\bcoronal\b'
1.2.826.0.1.3680043.10.474.419639.124425916395023519732300401216,Scout,excluded: matches 'scout'
1.2.826.0.1.3680043.10.474.419639.371711514413844592850563324727,3X3 CORONAL,excluded: matches '\bcor\b|\bcoronal\b'
1.2.826.0.1.3680043.10.474.419639.138286829556512499358570895511,SAG 3X3,excluded: matches '\bsag\b|\bsagittal\b'
1.2.826.0.1.3680043.10.474.419639.183617984992489827790064738891,SCOUT CHEST,excluded: matches 'scout'
1.2.826.0.1.3680043.10.474.419639.224145906623378283360081953956,COR 3X3,excluded: matches '\bcor\b|\bcoronal\b'
1.2.826.0.1.3680043.10.474.419639.324183195092595788008193224258,COR 3X3,excluded: matches '\bcor\b|\bcoronal\b'
1.2.826.0.1.3680043.10.474.419639.848053883819196397437866687890,SAG 3X3,excluded: matches '\bsag\b|\bsagittal\b'
1.2.826.0.1.3680043.10.474.419639.130776478798117741008769761568,SAG 3X3,excluded: matches '\bsag\b|\bsagittal\b'
1.2.826.0.1.3680043.10.474.419639.204373706402786608444260831762,SAG 3X3,excluded: matches '\bsag\b|\bsagittal\b'
1.2.826.0.1.3680043.10.474.419639.235098637207230674062554375733,COR 3X3,excluded: matches '\bcor\b|\bcoronal\b'
1.2.826.0.1.3680043.10.474.419639.264132158500730794583510793650,SCOUT CHEST,excluded: matches 'scout'
1.2.826.0.1.3680043.10.474.419639.772519927665506607874088942554,COR 3X3,excluded: matches '\bcor\b|\bcoronal\b'
1.2.826.0.1.3680043.10.474.419639.154681008851567534019906766698,PE SCOUT,excluded: matches 'scout'
1.2.826.0.1.3680043.10.474.419639.166028686009489087613092347587,SAG 3X3,excluded: matches '\bsag\b|\bsagittal\b'
1.2.826.0.1.3680043.10.474.419639.234098195441529503296876876049,PE MIP COR 15X5,excluded: matches '\bmip\b'
1.2.826.0.1.3680043.10.474.419639.252471141840439958032032563057,COR 3X3,excluded: matches '\bcor\b|\bcoronal\b'
1.2.826.0.1.3680043.10.474.419639.320144205720158541415099727845,Smart Prep Series,excluded: matches 'smart.?prep'
1.2.826.0.1.3680043.10.474.419639.279327015648953430112624648507,SAG 3X3,excluded: matches '\bsag\b|\bsagittal\b'
1.2.826.0.1.3680043.10.474.419639.545924140914854487110980932670,COR 3X3,excluded: matches '\bcor\b|\bcoronal\b'
1.2.826.0.1.3680043.10.474.419639.211243916732455512847895334513,PE Smart Prep Left Atrium,excluded: matches 'smart.?prep'
1.2.826.0.1.3680043.10.474.419639.157385076114719882525516876971,COR 3X3,excluded: matches '\bcor\b|\bcoronal\b'
1.2.826.0.1.3680043.10.474.419639.159445540825310172833310055200,SAG 3X3,excluded: matches '\bsag\b|\bsagittal\b'
1.2.826.0.1.3680043.10.474.419639.179112491236410204862693502526,SCOUT CHEST,excluded: matches 'scout'
1.2.826.0.1.3680043.10.474.419639.309833992119125609897857260319,COR 3X3,excluded: matches '\bcor\b|\bcoronal\b'
1.2.826.0.1.3680043.10.474.419639.328998138184426734152305370289,SAG 3X3,excluded: matches '\bsag\b|\bsagittal\b'
1.2.826.0.1.3680043.10.474.419639.119013897262994633415086100526,SAG 3X3,excluded: matches '\bsag\b|\bsagittal\b'
1.2.826.0.1.3680043.10.474.419639.203287736576579830956365833968,SCOUT CHEST,excluded: matches 'scout'
1.2.826.0.1.3680043.10.474.419639.238261674483646114735217412169,COR 3X3,excluded: matches '\bcor\b|\bcoronal\b'
1.2.826.0.1.3680043.10.474.419639.331331054405877353447913321825,COR 3X3,excluded: matches '\bcor\b|\bcoronal\b'
1.2.826.0.1.3680043.10.474.419639.325938251460221922786421195457,SAG 3X3,excluded: matches '\bsag\b|\bsagittal\b'
1.2.826.0.1.3680043.10.474.419639.114580246626586766251448377172,SCOUT CHEST,excluded: matches 'scout'
1.2.826.0.1.3680043.10.474.419639.181471252118575459319312433835,COR 3X3,excluded: matches '\bcor\b|\bcoronal\b'
1.2.826.0.1.3680043.10.474.419639.224750711474646487994278272431,COR 3X3,excluded: matches '\bcor\b|\bcoronal\b'
1.2.826.0.1.3680043.10.474.419639.420711809677491060385394909186,SAG 5X5,excluded: matches '\bsag\b|\bsagittal\b'
1.2.826.0.1.3680043.10.474.419639.248273095129288669123765819679,SAG 3X3,excluded: matches '\bsag\b|\bsagittal\b'
1.2.826.0.1.3680043.10.474.419639.147644353500431441209880616698,PE MIP COR 15X5,excluded: matches '\bmip\b'
1.2.826.0.1.3680043.10.474.419639.127246153223563456396967204910,SAG 3X3,excluded: matches '\bsag\b|\bsagittal\b'
1.2.826.0.1.3680043.10.474.419639.166930891734251545206386203243,SAG 3X3,excluded: matches '\bsag\b|\bsagittal\b'
1.2.826.0.1.3680043.10.474.419639.176096950772217947067015196061,COR 3X3,excluded: matches '\bcor\b|\bcoronal\b'
1.2.826.0.1.3680043.10.474.419639.330530007771162220781074153760,PE SCOUT,excluded: matches 'scout'
1.2.826.0.1.3680043.10.474.419639.185437868375156131902427531434,PE Smart Prep Left Atrium,excluded: matches 'smart.?prep'
1.2.826.0.1.3680043.10.474.419639.824181134122693879457063002765,Smart Prep Series,excluded: matches 'smart.?prep'
1.2.826.0.1.3680043.10.474.419639.443134194419711427029562271557,COR 3X3,excluded: matches '\bcor\b|\bcoronal\b'
1.2.826.0.1.3680043.10.474.419639.133935105768236591571399447793,PE SCOUT,excluded: matches 'scout'
1.2.826.0.1.3680043.10.474.419639.140800543073765614333734567448,SAG 3X3,excluded: matches '\bsag\b|\bsagittal\b'
1.2.826.0.1.3680043.10.474.419639.203143587760086040417736385984,COR 3X3,excluded: matches '\bcor\b|\bcoronal\b'
1.2.826.0.1.3680043.10.474.419639.262919367007846995637849076039,COR 3X3,excluded: matches '\bcor\b|\bcoronal\b'
1.2.826.0.1.3680043.10.474.419639.870574868057400804397867645807,SAG 3X3,excluded: matches '\bsag\b|\bsagittal\b'
1.2.826.0.1.3680043.10.474.419639.112540773008110395988181223992,SAG 3X3,excluded: matches '\bsag\b|\bsagittal\b'
1.2.826.0.1.3680043.10.474.419639.121899571166589108876257223949,COR 3X3,excluded: matches '\bcor\b|\bcoronal\b'
1.2.826.0.1.3680043.10.474.419639.176246492301216538603752911871,SAG 3X3,excluded: matches '\bsag\b|\bsagittal\b'
1.2.826.0.1.3680043.10.474.419639.312847002543659223790204299762,SCOUT CHEST,excluded: matches 'scout'
1.2.826.0.1.3680043.10.474.419639.380073969003051900811771802093,COR 3X3,excluded: matches '\bcor\b|\bcoronal\b'
1.2.826.0.1.3680043.10.474.419639.156070203481481207083856282917,COR 3X3,excluded: matches '\bcor\b|\bcoronal\b'
1.2.826.0.1.3680043.10.474.419639.199897183400878941867961260100,Scout 4CM ABOVE STERNAL NOTCH,excluded: matches 'scout'
1.2.826.0.1.3680043.10.474.419639.223864727435820083419174410560,Smart Prep Series,excluded: matches 'smart.?prep'
1.2.826.0.1.3680043.10.474.419639.230427077628654359057120503085,SAG 3X3,excluded: matches '\bsag\b|\bsagittal\b'
1.2.826.0.1.3680043.10.474.419639.131594059060712105947414811831,PE SCOUT,excluded: matches 'scout'
1.2.826.0.1.3680043.10.474.419639.166011720264886300637357651165,COR 3X3,excluded: matches '\bcor\b|\bcoronal\b'
1.2.826.0.1.3680043.10.474.419639.224881984079070203677867208017,SAG 3X3,excluded: matches '\bsag\b|\bsagittal\b'
1.2.826.0.1.3680043.10.474.419639.259384151105891625275828843298,COR 3X3,excluded: matches '\bcor\b|\bcoronal\b'
1.2.826.0.1.3680043.10.474.419639.333446818289534784821016786497,SAG 3X3,excluded: matches '\bsag\b|\bsagittal\b'
1.2.826.0.1.3680043.10.474.419639.148938292763592847048276595683,SCOUT SUPINE,excluded: matches 'scout'
1.2.826.0.1.3680043.10.474.419639.222779076385397231259911522028,chest cor,excluded: matches '\bcor\b|\bcoronal\b'
1.2.826.0.1.3680043.10.474.419639.217659038521342318971586744906,chest sag,excluded: matches '\bsag\b|\bsagittal\b'
1.2.826.0.1.3680043.10.474.660042.1826,NO DETAILS,"kept: uninformative description, flagged for review"
1.2.826.0.1.3680043.10.474.660042.3924,NO DETAILS,"kept: uninformative description, flagged for review"
1.2.826.0.1.3680043.10.474.660042.4354,NO DETAILS,"kept: uninformative description, flagged for review"
1.2.826.0.1.3680043.10.474.660042.8301,NO DETAILS,"kept: uninformative description, flagged for review"
1.2.826.0.1.3680043.10.474.660042.10693,NO DETAILS,"kept: uninformative description, flagged for review"
1.2.826.0.1.3680043.10.474.660042.11240,NO DETAILS,"kept: uninformative description, flagged for review"
1.2.826.0.1.3680043.10.474.660042.12726,NO DETAILS,"kept: uninformative description, flagged for review"
1.2.826.0.1.3680043.10.474.660042.14885,NO DETAILS,"kept: uninformative description, flagged for review"
1.2.826.0.1.3680043.10.474.660042.17177,NO DETAILS,"kept: uninformative description, flagged for review"
1.2.826.0.1.3680043.10.474.660042.19101,NO DETAILS,"kept: uninformative description, flagged for review"
1.2.826.0.1.3680043.10.474.660042.23297,NO DETAILS,"kept: uninformative description, flagged for review"
1.2.826.0.1.3680043.10.474.660042.24178,NO DETAILS,"kept: uninformative description, flagged for review"
1.2.826.0.1.3680043.10.474.660042.25679,NO DETAILS,"kept: uninformative description, flagged for review"
1.2.826.0.1.3680043.10.474.660042.29998,NO DETAILS,"kept: uninformative description, flagged for review"
1.2.826.0.1.3680043.10.474.660042.30585,NO DETAILS,"kept: uninformative description, flagged for review"
1.2.826.0.1.3680043.10.474.660042.36469,NO DETAILS,"kept: uninformative description, flagged for review"
1.2.826.0.1.3680043.10.474.660042.36772,NO DETAILS,"kept: uninformative description, flagged for review"
1.2.826.0.1.3680043.10.474.660042.37452,NO DETAILS,"kept: uninformative description, flagged for review"
1.2.826.0.1.3680043.10.474.660042.40436,NO DETAILS,"kept: uninformative description, flagged for review"
1.2.826.0.1.3680043.10.474.2473275186493634773351774155462085271,NO DETAILS,"kept: uninformative description, flagged for review"
1.2.826.0.1.3680043.10.474.3116300553210485620889426707485524974,NO DETAILS,"kept: uninformative description, flagged for review"
1.2.826.0.1.3680043.10.474.3191761158175385619222890930533119774,NO DETAILS,"kept: uninformative description, flagged for review"
1.2.826.0.1.3680043.10.474.2750476023994921345387178207075115345,NO DETAILS,"kept: uninformative description, flagged for review"
1.2.826.0.1.3680043.10.474.1795669091050563629246628679457122726,NO DETAILS,"kept: uninformative description, flagged for review"
1.2.826.0.1.3680043.10.474.1921053288731116577021288235795888325,NO DETAILS,"kept: uninformative description, flagged for review"
1.2.826.0.1.3680043.10.474.2022202925768380392248694007323207483,NO DETAILS,"kept: uninformative description, flagged for review"
1.2.826.0.1.3680043.10.474.2348395590741714609833038848295269917,NO DETAILS,"kept: uninformative description, flagged for review"
1.2.826.0.1.3680043.10.474.2867080280173763167015456300503156032,NO DETAILS,"kept: uninformative description, flagged for review"
1.2.826.0.1.3680043.10.474.3174891739236035283931676074691473386,NO DETAILS,"kept: uninformative description, flagged for review"
1.2.826.0.1.3680043.10.474.2426757926891593549818973026728296096,NO DETAILS,"kept: uninformative description, flagged for review"
1.2.826.0.1.3680043.10.474.3748367807088840723258629478539133766,NO DETAILS,"kept: uninformative description, flagged for review"
1.2.826.0.1.3680043.10.474.5743260401877242761099678995400526462,NO DETAILS,"kept: uninformative description, flagged for review"
1.2.826.0.1.3680043.10.474.1977210237938706801360832135016921737,NO DETAILS,"kept: uninformative description, flagged for review"
1.2.826.0.1.3680043.10.474.2590645535137319750932121924162213735,NO DETAILS,"kept: uninformative description, flagged for review"
1.2.826.0.1.3680043.10.474.5903294508898476316904457188862290995,NO DETAILS,"kept: uninformative description, flagged for review"
1.2.826.0.1.3680043.10.474.1425930588397544485456726533971798699,NO DETAILS,"kept: uninformative description, flagged for review"
1.2.826.0.1.3680043.10.474.1722437102633165578176196600274339947,NO DETAILS,"kept: uninformative description, flagged for review"
1.2.826.0.1.3680043.10.474.2647395048656581703571598935863438717,NO DETAILS,"kept: uninformative description, flagged for review"
1.2.826.0.1.3680043.10.474.2917265342580264925440869524271570076,NO DETAILS,"kept: uninformative description, flagged for review"
1.2.826.0.1.3680043.10.474.1679739784412749402441576112739989760,NO DETAILS,"kept: uninformative description, flagged for review"
1.2.826.0.1.3680043.10.474.1361242017889227062746716596848399994,NO DETAILS,"kept: uninformative description, flagged for review"
1.2.826.0.1.3680043.10.474.2834278697475532703841181987285610675,NO DETAILS,"kept: uninformative description, flagged for review"
1.2.826.0.1.3680043.10.474.6258229043225050870541683779426796429,NO DETAILS,"kept: uninformative description, flagged for review"
1.2.826.0.1.3680043.10.474.1429036717596411255894210241589356081,NO DETAILS,"kept: uninformative description, flagged for review"
1.2.826.0.1.3680043.10.474.8601468208500519203101100296010003339,NO DETAILS,"kept: uninformative description, flagged for review"
1.2.826.0.1.3680043.10.474.2235480347607702379351277767790724341,NO DETAILS,"kept: uninformative description, flagged for review"
1.2.826.0.1.3680043.10.474.2411669785002957468033206142978251094,NO DETAILS,"kept: uninformative description, flagged for review"
1.2.826.0.1.3680043.10.474.5893582042170571974511153242620182731,NO DETAILS,"kept: uninformative description, flagged for review"
1.2.826.0.1.3680043.10.474.4377416751236181719833515383014544684,NO DETAILS,"kept: uninformative description, flagged for review"
1.2.826.0.1.3680043.10.474.2251992363251251570040844138307800632,NO DETAILS,"kept: uninformative description, flagged for review"
1.2.826.0.1.3680043.10.474.9809539627970815735242483889098953664,NO DETAILS,"kept: uninformative description, flagged for review"
1.2.826.0.1.3680043.10.474.1844069772921163376570177904092162187,NO DETAILS,"kept: uninformative description, flagged for review"
1.2.826.0.1.3680043.10.474.8946891047727801900286044692529203193,NO DETAILS,"kept: uninformative description, flagged for review"
1.2.826.0.1.3680043.10.474.1027370140062186337885719830215827624,NO DETAILS,"kept: uninformative description, flagged for review"
1.2.826.0.1.3680043.10.474.3069737101583149382511655763465179101,NO DETAILS,"kept: uninformative description, flagged for review"
1.2.826.0.1.3680043.10.474.542858211684606264121148077826736307,NO DETAILS,"kept: uninformative description, flagged for review"
1.2.826.0.1.3680043.10.474.2917283153298510591518320952435581325,NO DETAILS,"kept: uninformative description, flagged for review"
1.2.826.0.1.3680043.10.474.2066428707939534185591572905943968297,NO DETAILS,"kept: uninformative description, flagged for review"
1.2.826.0.1.3680043.10.474.8285847381468318622638786948549307772,NO DETAILS,"kept: uninformative description, flagged for review"
1.2.826.0.1.3680043.10.474.2678405723212183402955168268902025790,NO DETAILS,"kept: uninformative description, flagged for review"
1.2.826.0.1.3680043.10.474.3299642556093577618125296545563527512,NO DETAILS,"kept: uninformative description, flagged for review"
1.2.826.0.1.3680043.10.474.6080916800731283038877650811530676303,NO DETAILS,"kept: uninformative description, flagged for review"
1.2.826.0.1.3680043.10.474.2270632465757924423880041609819541313,NO DETAILS,"kept: uninformative description, flagged for review"
1.2.826.0.1.3680043.10.474.2407960766001898154500825140029273075,NO DETAILS,"kept: uninformative description, flagged for review"
1.2.826.0.1.3680043.10.474.9331758659797359036591176144184201421,NO DETAILS,"kept: uninformative description, flagged for review"
1.2.826.0.1.3680043.10.474.2799302104449975361980403953249100529,NO DETAILS,"kept: uninformative description, flagged for review"
1.2.826.0.1.3680043.10.474.4414108217972542880287952800084379452,NO DETAILS,"kept: uninformative description, flagged for review"
1.2.826.0.1.3680043.10.474.1772459417519429985371527660392760938,NO DETAILS,"kept: uninformative description, flagged for review"
1.2.826.0.1.3680043.10.474.3142304396263206860245912707147737133,NO DETAILS,"kept: uninformative description, flagged for review"
1.2.826.0.1.3680043.10.474.1052288493203170484373953656888723428,NO DETAILS,"kept: uninformative description, flagged for review"
1.2.826.0.1.3680043.10.474.2065127790862570251695770818911126189,NO DETAILS,"kept: uninformative description, flagged for review"
1.2.826.0.1.3680043.10.474.4740920685946697885329259598721443074,NO DETAILS,"kept: uninformative description, flagged for review"
1.2.826.0.1.3680043.10.474.1560339135885265353376452780682062572,NO DETAILS,"kept: uninformative description, flagged for review"
1.2.826.0.1.3680043.10.474.2631380695027905255875566789352634250,NO DETAILS,"kept: uninformative description, flagged for review"
1.2.826.0.1.3680043.10.474.1511208260078690435549763845742171873,NO DETAILS,"kept: uninformative description, flagged for review"
1.2.826.0.1.3680043.10.474.2739803504510341589670520865127592552,NO DETAILS,"kept: uninformative description, flagged for review"
1.2.826.0.1.3680043.10.474.2135794103616581946451039285991771853,NO DETAILS,"kept: uninformative description, flagged for review"
1.2.826.0.1.3680043.10.474.5568271561855411891522918297102070766,NO DETAILS,"kept: uninformative description, flagged for review"
1.2.826.0.1.3680043.10.474.1723864789013339527587725125142268016,NO DETAILS,"kept: uninformative description, flagged for review"
1.2.826.0.1.3680043.10.474.1021316324668090701742904548520850014,NO DETAILS,"kept: uninformative description, flagged for review"
1.2.826.0.1.3680043.10.474.3229899002441538057819741608501513206,NO DETAILS,"kept: uninformative description, flagged for review"
1.2.826.0.1.3680043.10.474.2376389481926655086671779119839486129,NO DETAILS,"kept: uninformative description, flagged for review"
1.2.826.0.1.3680043.10.474.2230442482929737307945569785984687307,NO DETAILS,"kept: uninformative description, flagged for review"
1.2.826.0.1.3680043.10.474.5732737935485029884462661252561538602,NO DETAILS,"kept: uninformative description, flagged for review"
1.2.826.0.1.3680043.10.474.1562310326457562115089878135111629336,NO DETAILS,"kept: uninformative description, flagged for review"
1.2.826.0.1.3680043.10.474.2969551981555819856670502082591727602,NO DETAILS,"kept: uninformative description, flagged for review"
1.2.826.0.1.3680043.10.474.2415116627675626052411242686858006733,NO DETAILS,"kept: uninformative description, flagged for review"
1.2.826.0.1.3680043.10.474.3315191637069927546918849777550838093,NO DETAILS,"kept: uninformative description, flagged for review"
1.2.826.0.1.3680043.10.474.1327296678591867297098577217690671388,NO DETAILS,"kept: uninformative description, flagged for review"
1.2.826.0.1.3680043.10.474.3015364664204407277335886927687958989,NO DETAILS,"kept: uninformative description, flagged for review"
1.2.826.0.1.3680043.10.474.2284746543076837897690906912301467211,NO DETAILS,"kept: uninformative description, flagged for review"
1.2.826.0.1.3680043.10.474.1990608345352424299470383542240921551,NO DETAILS,"kept: uninformative description, flagged for review"
1.2.826.0.1.3680043.10.474.6085062616627650112559927610586898475,NO DETAILS,"kept: uninformative description, flagged for review"
1.2.826.0.1.3680043.10.474.1219518442436631415928824923898546304,NO DETAILS,"kept: uninformative description, flagged for review"
1.2.826.0.1.3680043.10.474.1147302139452080037190733417686299226,NO DETAILS,"kept: uninformative description, flagged for review"
1.2.826.0.1.3680043.10.474.1179669081598662164507442883845162435,NO DETAILS,"kept: uninformative description, flagged for review"
